{"count":1,"self":53.1931872,"total":98.0043537,"children":{"InitializeActuators":{"count":32,"self":0.0010000999999999999,"total":0.0010000999999999999,"children":null},"InitializeSensors":{"count":32,"self":0.0015050999999999999,"total":0.0015050999999999999,"children":null},"AgentSendState":{"count":26051,"self":0.4652996,"total":6.4257398,"children":{"CollectObservations":{"count":83376,"self":4.9677847999999996,"total":4.9677846,"children":null},"WriteActionMask":{"count":83376,"self":0.1015814,"total":0.1015814,"children":null},"RequestDecision":{"count":83376,"self":0.35295719999999997,"total":0.89107419999999993,"children":{"AgentInfo.ToProto":{"count":83376,"self":0.2562183,"total":0.538117,"children":{"GenerateSensorData":{"count":83376,"self":0.2818987,"total":0.2818987,"children":null}}}}}}},"DecideAction":{"count":26051,"self":23.566435199999997,"total":23.5664348,"children":null},"AgentAct":{"count":26051,"self":14.813979199999999,"total":14.815483599999999,"children":{"AgentInfo.ToProto":{"count":95,"self":0.0015050999999999999,"total":0.0015050999999999999,"children":{"GenerateSensorData":{"count":95,"self":0,"total":0,"children":null}}}}}},"gauges":{"TestModel.CumulativeReward":{"count":95,"max":4139.44971,"min":0,"runningAverage":1483.67188,"value":705.4425,"weightedAverage":1675.27844}},"metadata":{"timer_format_version":"0.1.0","start_time_seconds":"1765318370","unity_version":"6000.0.41f1","command_line_arguments":"C:\\Program Files\\Unity\\Hub\\Editor\\6000.0.41f1\\Editor\\Unity.exe -projectpath C:\\Unity-Projects\\DriveYourself -acceptSoftwareTermsForThisRunOnly -useHub -hubIPC -cloudEnvironment production","communication_protocol_version":"1.5.0","com.unity.ml-agents_version":"4.0.0","scene_name":"RL-Scene","end_time_seconds":"1765318468"}}