{
    "name": "root",
    "metadata": {
        "timer_format_version": "0.1.0",
        "start_time_seconds": "1765318369",
        "python_version": "3.10.12 | packaged by Anaconda, Inc. | (main, Jul  5 2023, 19:01:18) [MSC v.1916 64 bit (AMD64)]",
        "command_line_arguments": "C:\\Users\\phili\\anaconda3\\envs\\mlagents\\Scripts\\mlagents-learn config/DriveYourself/Test.yaml --run-id=firstTest --force",
        "mlagents_version": "1.1.0",
        "mlagents_envs_version": "1.1.0",
        "communication_protocol_version": "1.5.0",
        "pytorch_version": "2.2.1+cpu",
        "numpy_version": "1.23.5",
        "end_time_seconds": "1765318476"
    },
    "total": 107.0357949999161,
    "count": 1,
    "self": 0.003360699862241745,
    "children": {
        "run_training.setup": {
            "total": 0.05115880002267659,
            "count": 1,
            "self": 0.05115880002267659
        },
        "TrainerController.start_learning": {
            "total": 106.98127550003119,
            "count": 1,
            "self": 0.08038040925748646,
            "children": {
                "TrainerController._reset_env": {
                    "total": 2.4854528999421746,
                    "count": 1,
                    "self": 2.4854528999421746
                },
                "TrainerController.advance": {
                    "total": 104.37090099067427,
                    "count": 5257,
                    "self": 0.03659729450009763,
                    "children": {
                        "env_step": {
                            "total": 104.33430369617417,
                            "count": 5257,
                            "self": 98.14287809585221,
                            "children": {
                                "SubprocessEnvManager._take_step": {
                                    "total": 6.149594701826572,
                                    "count": 5257,
                                    "self": 0.20366070861928165,
                                    "children": {
                                        "TorchPolicy.evaluate": {
                                            "total": 5.945933993207291,
                                            "count": 5207,
                                            "self": 5.945933993207291
                                        }
                                    }
                                },
                                "workers": {
                                    "total": 0.04183089849539101,
                                    "count": 5256,
                                    "self": 0.0,
                                    "children": {
                                        "worker_root": {
                                            "total": 96.3364303028211,
                                            "count": 5256,
                                            "is_parallel": true,
                                            "self": 16.0021711057052,
                                            "children": {
                                                "steps_from_proto": {
                                                    "total": 0.00023859995417296886,
                                                    "count": 1,
                                                    "is_parallel": true,
                                                    "self": 6.24998938292265e-05,
                                                    "children": {
                                                        "_process_rank_one_or_two_observation": {
                                                            "total": 0.00017610006034374237,
                                                            "count": 2,
                                                            "is_parallel": true,
                                                            "self": 0.00017610006034374237
                                                        }
                                                    }
                                                },
                                                "UnityEnvironment.step": {
                                                    "total": 80.33402059716173,
                                                    "count": 5256,
                                                    "is_parallel": true,
                                                    "self": 0.3256814884953201,
                                                    "children": {
                                                        "UnityEnvironment._generate_step_input": {
                                                            "total": 0.5033719087950885,
                                                            "count": 5256,
                                                            "is_parallel": true,
                                                            "self": 0.5033719087950885
                                                        },
                                                        "communicator.exchange": {
                                                            "total": 78.79378299461678,
                                                            "count": 5256,
                                                            "is_parallel": true,
                                                            "self": 78.79378299461678
                                                        },
                                                        "steps_from_proto": {
                                                            "total": 0.7111842052545398,
                                                            "count": 5256,
                                                            "is_parallel": true,
                                                            "self": 0.2356448129285127,
                                                            "children": {
                                                                "_process_rank_one_or_two_observation": {
                                                                    "total": 0.47553939232602715,
                                                                    "count": 10512,
                                                                    "is_parallel": true,
                                                                    "self": 0.47553939232602715
                                                                }
                                                            }
                                                        }
                                                    }
                                                }
                                            }
                                        }
                                    }
                                }
                            }
                        }
                    }
                },
                "trainer_threads": {
                    "total": 3.310013562440872e-05,
                    "count": 1,
                    "self": 3.310013562440872e-05,
                    "children": {
                        "thread_root": {
                            "total": 0.0,
                            "count": 0,
                            "is_parallel": true,
                            "self": 0.0,
                            "children": {
                                "trainer_advance": {
                                    "total": 104.3925479084719,
                                    "count": 5778,
                                    "is_parallel": true,
                                    "self": 0.21337901195511222,
                                    "children": {
                                        "process_trajectory": {
                                            "total": 90.81422139704227,